004-3D-Realization.jpg,001-3D-Realization.jpg007-Abstract-Connected-Dots.jpg,002-Abstract-Connected-Dots.jpg008-Abstract-Digi-Art.jpg,003-Abstract-Digi-Art.jpg009-Abstract-Fade.jpg,004-Abstract-Fade.jpg010-Abstract-Net.jpg,005-Abstract-Net.jpg011-Abstract-Polygons.jpg,006-Abstract-Polygons.jpg012-Abstract-Swirls.jpg,009-Abstract-Swirls.jpg013-Abstract-Wave.jpg,010-Abstract-Wave.jpg014-Adler-Focus.jpg,011-Adler-Focus.jpg030-Angry-Lion.jpg,012-Angry-Lion.jpg031-Anime-Girl-Moonlight-Lingerie.jpg,018-Anime-Girl-Moonlight-Lingerie.jpg032-Anime-Greats.jpg,019-Anime-Greats.jpg033-Anime-Guy.jpg,013-Anime-1.jpg034-Apple-Cheese.jpg,020-Apple-Cheese.jpg035-Apple-Sensored.jpg,021-Apple-Sensored.jpg037-Ascending-Order.jpg,022-Ascending-Order.jpg039-AssassinS-Creed-Silhouette.jpg,025-Assassins-Creed-Silhouette.jpg041-Assassins-Creed-Run-Up.jpg,024-Assassins-Creed-Run-Up.jpg043-Assassins-Creed.jpg,027-Assassins-Creed.jpg044-Aston-Martin.jpg,028-Aston-Martin.jpg050-Baby-Foxes.jpg,029-Baby-Foxes.jpg052-Back-To-Back-Daft-Punk.jpg,030-Back-To-Back-Daft-Punk.jpg053-Baddie-Joker.jpg,117-DC-Joker-7.jpg054-Baroques.jpg,031-Baroques.jpg056-Batman-Beyond.jpg,104-DC-Batman-4.jpg057-Batman-Colorful-Polyart.jpg,105-DC-Batman-5.jpg058-Batman-Dark-Knight.jpg,106-DC-Batman-6.jpg059-Batman-Embelished.jpg,107-DC-Batman-7.jpg060-Batman-Emblem.jpg,108-DC-Batman-8.jpg062-Batman-Why-So-Serious-Joker.jpg,111-DC-Joker-10.jpg069-Beats-Wave.jpg,032-Beats-Wave.jpg070-Beautiful-Sunset.jpg,033-Beautiful-Sunset.jpg072-Beauty-And-The-Raven.jpg,034-Beauty-And-The-Raven.jpg074-Beauty-Booty.jpg,035-Beauty-Booty.jpg081-Big-And-Little.jpg,036-Big-And-Little.jpg084-Big-Bang-Theory-Squad-Up.jpg,037-Big-Bang-Theory-Squad-Up.jpg086-Binary-Code.jpg,038-Binary-Code.jpg087-Binary-World-Map.jpg,039-Binary-World-Map.jpg088-Bioshock-Broken-Screen-2.jpg,040-Bioshock-Big-Baddy.jpg090-Black-And-White-Lights.jpg,049-Black-9.jpg092-Black-Carbon.jpg,050-Black-Carbon.jpg094-Black-Goku.jpg,157-Dragon-Ball-Z-Black-Goku.jpg096-Blonde-Nightie.jpg,054-Blonde-Nightie.jpg097-Blonde-Suited.jpg,055-Blonde-Suited.jpg098-Blonde-Swan.jpg,056-Blonde-Swan.jpg100-Blotch-Sayings.jpg,057-Blotch-Sayings.jpg103-Blue-Drifting-Mustang.jpg,067-Blue-Drifting-Mustang.jpg104-Blue-Fibianci-Swirl.jpg,068-Blue-Fibianci-Swirl.jpg105-Blue-Haired-Anime-Girl.jpg,017-Anime-Blue-Haired-Girl.jpg106-Blue-Honeycomb-Wave.jpg,069-Blue-Honeycomb-Wave.jpg107-Blue-Ink-Water-Swirl.jpg,070-Blue-Ink-Water-Swirl.jpg108-Blue-Streaks.jpg,071-Blue-Streaks.jpg110-Blurred-Sunset.jpg,072-Blurred-Sunset.jpg115-Brainiac.jpg,445-Megamind.jpg121-Broken-Playstation-Controller.jpg,073-Broken-Playstation-Controller.jpg124-Buildiings-Skyview.jpg,074-Buildings-Skyview.jpg130-Canari-Ferrari.jpg,075-Canari-Ferrari.jpg131-Captain-America-Silhouettes.jpg,320-Marvel-Captain-America-7.jpg132-Carrie-Underwood.jpg,076-Carrie-Underwood.jpg133-Cartoon-Pit.jpg,077-Cartoon-Pit.jpg134-Cartoon-Robot.jpg,078-Cartoon-Robot.jpg139-Cat-Table-Peek.jpg,079-Cat-Table-Peek.jpg145-Chetah-Sunset.jpg,080-Cheetah-Sunset.jpg150-Chrome-Brome-Ironman.jpg,379-Marvel-Iron-Man-15.jpg152-City-Lights.jpg,081-City-Lights.jpg153-City-Skyline.jpg,082-City-Skyline.jpg156-Cloudy-Clouds.jpg,083-Cloudy-Clouds.jpg160-Colorful-Cubes.jpg,084-Colorful-Cubes.jpg161-Colorful-Lines.jpg,085-Colorful-Lines.jpg162-Colorful-Rainbow-Swirl.jpg,086-Colorful-Rainbow-Swirl.jpg173-Crumbled-Space-Pyramid.jpg,087-Crumbled-Space-Pyramid.jpg174-Crystal-Neon-Feline-Stare.jpg,088-Crystal-Neon-Feline-Stare.jpg176-Cubed-Blocked.jpg,089-Cubed-Blocked.jpg177-Cubed-Planet-Galaxy.jpg,090-Cubed-Planet-Galaxy.jpg178-Cubed-Up.jpg,091-Cubed-Up.jpg181-Daft-Punk-Dual-Helmet.jpg,094-Daft-Punk-Dual-Helmet.jpg182-Daft-Punk-Helmet.jpg,095-Daft-Punk-Helmet.jpg183-Daft-Punk-Merged.jpg,096-Daft-Punk-Merged.jpg185-Daft-Punk-Skeleton-Jam.jpg,097-Daft-Punk-Skeleton-Jam.jpg186-Daft-Punk-Space-Talk.jpg,098-Daft-Punk-Space-Talk.jpg190-Dark-Luffy-One-Piece.jpg,501-One-Piece-Monkey-D-Luffy-1.jpg193-Dark-Wolf-Light-Wolf.jpg,099-Dark-Wolf-Light-Wolf.jpg194-Darth-Vader-Star-Wars.jpg,628-Star-Wars-Darth-Vader.jpg195-David-Beckam-Calvin-Klein.jpg,100-David-Beckam-Calvin-Klein.jpg206-Descending-Astronaut.jpg,141-Descending-Astronaut.jpg207-Descent-Into-Aqua.jpg,142-Descent-Into-Aqua.jpg208-Desert-Mustang-Cobra.jpg,143-Desert-Mustang-Cobra.jpg209-Desert-Night-Sky.jpg,144-Desert-Night-Sky.jpg217-Doggy-Confused.jpg,150-Doggy-Confused.jpg219-Dontknow.jpg,493-Newtons-Cradle.jpg233-Earth-And-Moon.jpg,161-Earth-And-Moon.jpg241-Evil-Beauty.jpg,162-Evil-Beauty.jpg244-Face-In-Space.jpg,163-Face-In-Space.jpg260-Ferrari-Emblem.jpg,164-Ferrari-Emblem.jpg261-Ferrari-Speedster.jpg,166-Ferrari-Speedster.jpg262-Ferrari-Vintage.jpg,167-Ferrari-Vintage.jpg263-Ff7-Cloud-Rebord.jpg,172-Final-Fantasy-7-Cloud-Rebord.jpg265-Fierce-Lion.jpg,168-Fierce-Lion.jpg266-Fierce-Pierce-Guy.jpg,016-Anime-4.jpg270-Final-Fantasy-13-Lightning.jpg,169-Final-Fantasy-13-Lightning.jpg271-Final-Fantasy-13-Squad.jpg,170-Final-Fantasy-13-Squad.jpg272-Final-Fantasy-Cloud-And-Setheroth.jpg,171-Final-Fantasy-7-Cloud-And-Setheroth.jpg275-Final-Final-7-Tuffie.jpg,177-Final-Fantasy-7-Tifa-1.jpg276-Finding-Memo-Clown-Fish.jpg,179-Finding-Memo-Clown-Fish.jpg277-Fire-Breathing-Feline.jpg,180-Fire-Breathing-Feline.jpg279-Fire-Dude-One-Piece.jpg,507-One-Piece-Portgas-D-Ace.jpg281-Fire-Wolf-Naruto.jpg,489-Naruto-Fire-Wolf.jpg296-Flying-High.jpg,181-Flying-High.jpg299-Forza-5.jpg,186-Forza-5.jpg301-Fractal-Architecture-Bridge.jpg,187-Fractal-Architecture-Bridge.jpg302-Fractal-Green-Lights.jpg,188-Fractal-Green-Lights.jpg304-Fractal-Pyramid-Lights.jpg,189-Fractal-Pyramid-Lights.jpg305-Fractal-Pyramid.jpg,190-Fractal-Pyramid.jpg306-Frog-In-Leaf.jpg,191-Frog-In-Leaf.jpg307-Fuschia-Galaxy.jpg,602-Space-31.jpg311-Game-Of-Thrones-Cerci-Dual-Face.jpg,195-Game-Of-Thrones-Cerci-Dual-Face.jpg312-Game-Of-Thrones-Cerci-Lanister.jpg,196-Game-Of-Thrones-Cerci-Lanister.jpg314-Game-Of-Thrones-Denarys-Dragon-Trek.jpg,199-Game-Of-Thrones-Daenerys-Targaryen-3.jpg316-Game-Of-Thrones-Jon-Dual-Face.jpg,201-Game-Of-Thrones-Jon-Snow-2.jpg322-Gaming-Space-Cadet.jpg,202-Gaming-Space-Cadet.jpg325-Gazing-Luffy-One-Piece.jpg,502-One-Piece-Monkey-D-Luffy-2.jpg328-Geo-Net-Sphere.jpg,208-Geo-Net-Sphere.jpg329-Geometric-Orange-Cube-Polygons.jpg,209-Geometric-Orange-Cube-Polygons.jpg330-Geometric-Sphere.jpg,210-Geometric-Sphere.jpg331-Geometro-Pyramids.jpg,211-Geometro-Pyramids.jpg336-Glacier-Blue-Cat-Eyes.jpg,212-Glacier-Blue-Cat-Eyes.jpg337-Glare-Flare-Oldie.jpg,213-Glare-Flare-Oldie-Car.jpg338-Glaring-Northern-Light.jpg,214-Glaring-Northern-Lights.jpg340-Glow-Sight-Ironman.jpg,384-Marvel-Iron-Man-6.jpg343-God-Of-War-Kratos-Face.jpg,217-God-Of-War-Kratos-Face.jpg344-God-Of-War-Kratos.jpg,218-God-Of-War-Kratos.jpg348-Golden-Retriever.jpg,225-Golden-Retriever.jpg350-Got-Bronn.jpg,194-Game-Of-Thrones-Bronn.jpg353-Gray-Gradient.jpg,226-Gray-Gradient.jpg358-Green-Lust-Forest.jpg,234-Green-Lush-Forest.jpg364-Grumpy-Cat-In-Glasses.jpg,235-Grumpy-Cat-In-Glasses.jpg366-Guardian-Of-The-Galaxy-Mountain-Top.jpg,349-Marvel-Guardians-Of-The-Galaxy-6.jpg368-Guardians-Of-The-Galaxy-Ready 1.jpg,348-Marvel-Guardians-Of-The-Galaxy-5.jpg372-Ha-Joker.jpg,112-DC-Joker-11.jpg376-Halo-Master-Chief-Soldier.jpg,245-Halo-7.jpg377-Halo-Master-Chief-Sunset.jpg,246-Halo-8.jpg379-Hand-To-God.jpg,247-Hand-To-God.jpg381-Happy-Finger-Family.jpg,248-Happy-Finger-Family.jpg386-Heart-Sunset.jpg,249-Heart-Sunset.jpg387-Heart.jpg,250-Heart.jpg391-Heavenly-Sword.jpg,251-Heavenly-Sword.jpg396-Hi-Vendetta.jpg,690-V-For-Vendetta-4.jpg407-Hot-Air-Baloon.jpg,253-Hot-Air-Baloon.jpg408-House-Face.jpg,254-House-Face.jpg411-How-Are-You-School-Girl.jpg,255-How-Are-You-School-Girl.jpg413-How-To-Raise-A-Dragon-Hatchling.jpg,256-How-To-Raise-A-Dragon-1.jpg414-How-To-Raise-A-Dragon.jpg,257-How-To-Raise-A-Dragon-2.jpg417-I-Challenger-You.jpg,258-I-Challenger-You.jpg424-Ice-And-Fire-Space-Car.jpg,259-Ice-And-Fire-Space-Car.jpg425-If-You-Dare.jpg,260-If-You-Dare.jpg427-Imac-Word-Mix.jpg,261-Imac-Word-Mix.jpg429-In-The-Dark-Ironman.jpg,386-Marvel-Iron-Man-8.jpg438-Inori-Yuzuriha.jpg,236-Guilty-Crown-Inori-Yuzuriha.jpg441-Iron-Man-Melted.jpg,387-Marvel-Iron-Man-9.jpg442-Iron-Man-Pose-Beam.jpg,375-Marvel-Iron-Man-11.jpg443-Iron-Man-Scuffed.jpg,376-Marvel-Iron-Man-12.jpg445-Iron-Man-Up-And-Away.jpg,377-Marvel-Iron-Man-13.jpg446-Iron-Polyart.jpg,374-Marvel-Iron-Man-10.jpg447-Ironman-Here-I-Am.jpg,385-Marvel-Iron-Man-7.jpg448-Ironman-Thor-Captain-Amercia-Hulk.jpg,300-Marvel-Avengers-1.jpg450-Ivory-And-Ebony-Horses.jpg,267-Ivory-And-Ebony-Horses.jpg451-Jake-The-Dog.jpg,268-Jake-The-Dog.jpg454-Joker-Bat-Shadow.jpg,118-DC-Joker-8.jpg455-Joker-In-A-Cell.jpg,119-DC-Joker-9.jpg459-Justice-League-Unite.jpg,120-DC-Justice-League.jpg460-Kick-Ass-2-Hit-Girl.jpg,269-Kick-Ass-2-Hit-Girl.jpg461-Kick-Ass-Hit-Girl.jpg,270-Kick-Ass-Hit-Girl.jpg463-Kid-Goku-Dragon-Ball-Z.jpg,160-Dragon-Ball-Z-Kid-Goku.jpg464-Kill-Me-Reaper.jpg,271-Kill-Me-Reaper.jpg465-Killzone-Shadow-Fall.jpg,272-Killzone-Shadow-Fall.jpg466-Kitten-On-Red.jpg,279-Kitten-On-Red.jpg467-Kitten-Outdoors.jpg,280-Kitten-Outdoors.jpg475-Kiwi.jpg,281-Kiwi.jpg480-Lambo-Aventador.jpg,282-Lamborghini-Aventador.jpg481-Lambo-Desert-Sunset.jpg,284-Lamborghini-Desert-Sunset.jpg482-Lambo-Ready.jpg,288-Lamborghini-Ready.jpg483-Lambo-Roadster.jpg,290-Lamborghini-Roadster.jpg484-Lamborghini-Black-And-Set.jpg,283-Lamborghini-Black-And-Set.jpg485-Lamborghini-Gleam-Whip.jpg,285-Lamborghini-Gleam-Whip.jpg486-Lamhborghini-Orange-Stripe.jpg,287-Lamborghini-Orange-Stripe.jpg487-Laughing-Minions.jpg,455-Minions-2.jpg496-Lets-Go-Ironman.jpg,378-Marvel-Iron-Man-14.jpg500-Links-Of-Zelda.jpg,718-Zelda-1.jpg501-Links-Zelda-Sword.jpg,723-Zelda-6.jpg503-Linux-Blue-Swirl.jpg,293-Linux-Blue-Swirl.jpg505-Lion-Color-Swirl.jpg,294-Lion-Color-Swirl.jpg507-Lion-Pride.jpg,295-Lion-Pride.jpg508-Lion-Stare.jpg,296-Lion-Stare.jpg510-Lion-Swirl.jpg,297-Lion-Swirl.jpg513-Lit-Green-Clover.jpg,298-Lit-Green-Clover.jpg526-Luffy-Hat-One-Piece.jpg,503-One-Piece-Monkey-D-Luffy-3.jpg527-Luffy-One-Piece.jpg,506-One-Piece-Monkey-D-Luffy-6.jpg528-Luffy-Pose-One-Piece.jpg,505-One-Piece-Monkey-D-Luffy-5.jpg531-Magneto-Xmen.jpg,429-Marvel-X-Men-Magneto-3.jpg535-Matrix-Ghost-Twins.jpg,443-Matrix-Ghost-Twins.jpg536-Matte-Black-Lamborghini.jpg,286-Lamborghini-Matte-Black.jpg544-Merged-Nebulas.jpg,607-Space-8.jpg545-Mesh-Passwage.jpg,447-Mesh-Passwage.jpg546-Message-In-A-Bottle.jpg,448-Message-In-A-Bottle.jpg547-Metal-Gear-Solid-Snake.jpg,449-Metal-Gear-Solid-Snake.jpg550-Metroid-Up-And-Away.jpg,659-Super-Metroid-Up-And-Away.jpg552-Midnight-Owl.jpg,453-Midnight-Owl.jpg555-Minions 1.jpg,454-Minions-1.jpg557-MirrorS-Edge-Catalyst-2.jpg,456-Mirrors-Edge-1.jpg560-MirrorS-Edge-Faith-Connors.jpg,457-Mirrors-Edge-2.jpg561-MirrorS-Edge-Wall-Scale.jpg,459-Mirrors-Edge-4.jpg564-Mirrors-Edge-On-The-Wall.jpg,458-Mirrors-Edge-3.jpg565-Mist-Lightning.jpg,460-Mist-Lightning.jpg566-Mistified-Green-Mountain-Top.jpg,461-Mistify-Green-Mountain-Top.jpg568-Misty-Forest-Canopy.jpg,462-Misty-Canopy.jpg569-Misty-Forest.jpg,463-Misty-Forest.jpg573-Moon-Beam.jpg,464-Moon-Beam.jpg574-Moon-Exposed-Night-Sky.jpg,465-Moon-Exposed-Night-Sky.jpg577-Moonlight-Ninja.jpg,467-Moonlight-Ninja.jpg578-Moonlight-Stance.jpg,468-Moonlight-Stance.jpg579-Moonlight-Tree.jpg,469-Moonlight-Tree.jpg581-Mortal-Kombat-Quan-Chi.jpg,479-Mortal-Kombat-Quan-Chi.jpg585-Mountain-Signal-Thrower.jpg,480-Mountain-Signal-Thrower.jpg587-Mountain-Tops-Sunset.jpg,481-Mountain-Tops-Sunset.jpg588-Multi-Distance-Mountains.jpg,482-Multi-Distance-Mountains.jpg591-Mustang-Camaro-Challenger.jpg,483-Mustang-Camaro-Challenger.jpg594-Mustang-Red-White-Rallies.jpg,484-Mustang-Red-White-Rallies.jpg595-Mya-Blow-Pulp-Fiction.jpg,536-Pulp-Fiction-Mya-Blow.jpg600-Mystic-Meditation.jpg,485-Mystic-Meditation.jpg603-Naked-Fight-Girl.jpg,486-Naked-Fight-Girl.jpg604-Naruto-Approach.jpg,487-Naruto-Approach.jpg607-Naruto-Darkness-Glow.jpg,488-Naruto-Darkness-Glow.jpg608-Naruto-Squad.jpg,490-Naruto-Squad.jpg611-Nba-2K12.jpg,491-NBA-2K12.jpg612-Neon-Blue-Nebula.jpg,608-Space-9.jpg613-Neptune-Blue-Nebula.jpg,579-Space-10.jpg614-Nerve-Lust.jpg,492-Nerve-Lust.jpg617-New-Mercedes-Benz-Coupe.jpg,446-Mercedes-Benz-Coupe.jpg650-Night-Mountain-Top.jpg,494-Night-Mountain-Top.jpg652-Night-Waves.jpg,495-Night-Waves.jpg653-Night.jpg,496-Night.jpg654-Ninja-Turtle-Shadow-Ready.jpg,661-Teenage-Mutant-Ninja-Turtles.jpg656-Northern-Aurora-Lights.jpg,497-Northern-Aurora-Lights.jpg657-Northern-Lights.jpg,498-Northern-Lights.jpg662-One-Piece-360.jpg,499-One-Piece-1.jpg664-One-Piece-Luffy-Map.jpg,504-One-Piece-Monkey-D-Luffy-4.jpg666-One-Piece-Silhouette-Red.jpg,500-One-Piece-2.jpg676-Panda-Pirate.jpg,509-Panda-Pirate.jpg680-Pattern-Gaze-Woman.jpg,510-Pattern-Gaze-Woman.jpg682-Peeking-Moon.jpg,511-Peeking-Moon.jpg685-People-Night-Gathering-Moon.jpg,466-Moonlight-Gathering.jpg689-Phoenix.jpg,513-Phoenix.jpg691-Piano-Kitty.jpg,514-Piano-Kitty.jpg692-Pierce-Blue-Cat.jpg,515-Pierce-Blue-Cat.jpg693-Piercing-Glow-Wolf.jpg,516-Piercing-Glow-Wolf.jpg695-Pine-Trees.jpg,517-Pine-Trees.jpg696-Pixel-Perfect.jpg,525-Pixel-Perfect.jpg697-Planet-Eclipse.jpg,526-Planet-Eclipse.jpg705-Poly-Planet-Saturn.jpg,527-Poly-Planet-Saturn.jpg706-Polygon-Horse.jpg,528-Polygon-Horse.jpg707-Polygon-Space.jpg,529-Polygon-Space.jpg716-Posing-Kitten.jpg,530-Posing-Kitten.jpg718-Post-Resting-Beauty.jpg,531-Post-Resting-Beauty.jpg723-Pretty-Please.jpg,532-Pretty-Please.jpg725-Pretty-Woman.jpg,533-Pretty-Woman.jpg727-Psychotic-Serpent.jpg,534-Psychotic-Serpent.jpg729-Pug-In-A-Blanket-Bed.jpg,535-Pug-In-A-Blanket-Bed.jpg732-Pyramid-Space.jpg,545-Pyramid-Space.jpg735-Radiant-Galaxy-Flare.jpg,580-Space-11.jpg736-Raging-Ocean.jpg,550-Raging-Ocean.jpg737-Rain-Drops.jpg,551-Rain-Drops.jpg739-Rainbow-Light-Flame.jpg,552-Rainbow-Light-Flame.jpg740-Rainbow-Ribbon.jpg,553-Rainbow-Ribbon.jpg741-Rainy-Car-Window.jpg,554-Rainy-Car-Window.jpg744-Red-2.jpg,556-Red-2-Movie.jpg747-Red-Blue-Polygon-Abstract.jpg,007-Abstract-Red-Blue-Polygon.jpg748-Red-Ink-Water-Swirl.jpg,008-Abstract-Red-Ink-Water-Swirl.jpg749-Red-Lamborghini-Angled.jpg,289-Lamborghini-Red-Angled.jpg752-Red-Underground-Ferrari.jpg,165-Ferrari-Red-Underground.jpg753-Relaxed-Chick.jpg,563-Relaxed-Chick.jpg764-Resting-Woman.jpg,564-Resting-Woman.jpg770-Roulette-Chick.jpg,565-Roulette-Chick.jpg771-Ryu-Street-Fighter-Tekken.jpg,651-Street-Fighter-Tekken-Ryu.jpg781-Serine-Sunset-With-Deer.jpg,566-Serene-Sunset-With-Deer.jpg784-Shadow-Creep-Lamborghini.jpg,291-Lamborghini-Shadow-Creep.jpg786-Shadow-Planet.jpg,581-Space-12.jpg790-Shelby-Mustang-Ford-Sports-Car.jpg,567-Shelby-Mustang-Ford-Sports-Car.jpg794-Shield-Of-Captain-America.jpg,319-Marvel-Captain-America-6.jpg797-Silouhette-Gun-Ready.jpg,015-Anime-3.jpg800-Skull-Music.jpg,568-Skull-Music.jpg801-Skull-Xray.jpg,569-Skull-X-Ray.jpg802-Sleeping-Lion.jpg,570-Sleeping-Lion.jpg815-Snowy-Winter-River.jpg,571-Snowy-Winter-River.jpg816-Soaring-Adler.jpg,572-Soaring-Adler.jpg820-Space-Galaxy.jpg,585-Space-16.jpg821-Space-Kitty.jpg,609-Space-Kitty.jpg822-Space-Nebula-Bubble.jpg,586-Space-17.jpg823-Space-Night-Galaxy-Mountain.jpg,610-Space-Night-Galaxy-Mountain.jpg824-Space-View-1.jpg,589-Space-2.jpg825-Space-View-10.jpg,603-Space-4.jpg826-Space-View-11.jpg,604-Space-5.jpg827-Space-View-12.jpg,605-Space-6.jpg828-Space-View-13.jpg,606-Space-7.jpg829-Space-View-2.jpg,583-Space-14.jpg830-Space-View-3.jpg,588-Space-19.jpg831-Space-View-4.jpg,591-Space-21.jpg832-Space-View-5.jpg,593-Space-23.jpg833-Space-View-6.jpg,595-Space-25.jpg834-Space-View-7.jpg,596-Space-26.jpg835-Space-View-8.jpg,598-Space-28.jpg836-Space-View-9.jpg,601-Space-30.jpg837-Space-View-Distant-Galaxy.jpg,584-Space-15.jpg838-Spawn.jpg,266-Image-Comics-Spawn-5.jpg839-Spherical-Dome.jpg,611-Spherical-Dome.jpg841-Star-Circles-Night-Sky.jpg,612-Star-Circles-Night-Sky.jpg853-Star-Wars-Darth-Maul.jpg,627-Star-Wars-Darth-Maul.jpg854-Star-Wars-Darth-Vader.jpg,629-Star-Wars-Darth-Vader.jpg858-Star-Wars-Klo-Ren.jpg,635-Star-Wars-Kylo-Ren-3.jpg860-Star-Wars-Kylo-Ren.jpg,636-Star-Wars-Kylo-Ren-4.jpg861-Star-Wars-Luke-Skywalker.jpg,640-Star-Wars-Luke-Skywalker.jpg862-Star-Wars-Storm-Trooper-Suit.jpg,647-Star-Wars-Storm-Trooper.jpg863-Star-Wars-Troopers.jpg,626-Star-Wars-7.jpg865-Starry-Night-Clouds.jpg,650-Starry-Night-Clouds.jpg871-Sultry-Beauty.jpg,652-Sultry-Beauty.jpg873-Sun-Glasses.jpg,653-Sun-Glasses.jpg874-Sunny-Connection.jpg,654-Sunny-Connection.jpg877-Super-Girl-T-Shirt.jpg,123-DC-Supergirl-2.jpg878-Super-Girl.jpg,125-DC-Supergirl-4.jpg879-Super-Gleam-Race-Beam.jpg,655-Super-Gleam-Race-Beam.jpg880-Super-Mario-Jump.jpg,656-Super-Mario-Jump.jpg881-Super-Mario-Up.jpg,658-Super-Mario-Up.jpg882-Supergirl-Meagan-Foxx.jpg,131-DC-Supergirl-Meagan-Foxx.jpg883-Supergirl-On-The-Way.jpg,129-DC-Supergirl-8.jpg884-Supergirl-Smile.jpg,130-DC-Supergirl-9.jpg886-Supergirl.jpg,122-DC-Supergirl-10.jpg888-Swirl-Race-Car.jpg,660-Swirl-Race-Car.jpg889-Tagerine-Lambo.jpg,292-Lamborghini-Tagerine.jpg895-Terminator-T1.jpg,662-Terminator-T1.jpg897-The-Avengers-Concept-Art.jpg,301-Marvel-Avengers-2.jpg899-The-Elder-Scrolls-4-Skyrim.jpg,668-The-Elder-Scrolls-4-Skyrim.jpg903-The-Karate-Kid.jpg,669-The-Karate-Kid.jpg904-The-Legend-Of-Zelda.jpg,721-Zelda-4.jpg907-The-Mindy-Project-Mindy.jpg,672-The-Mindy-Project-Mindy.jpg908-The-Punisher-Skull.jpg,408-Marvel-The-Punisher-1.jpg909-The-Punisher.jpg,409-Marvel-The-Punisher-2.jpg912-Thinking-Confinement-Girl.jpg,680-Thinking-Confinement-Girl.jpg914-Through-The-Slot.jpg,512-Peeping-Cat.jpg922-Tree-Of-Life-Sunset.jpg,681-Tree-Of-Life-Sunset.jpg924-Tri-Angles.jpg,682-Tri-Angles.jpg926-Tuney-Pup.jpg,683-Tuney-Puppy.jpg928-Twilight-Blur.jpg,684-Twilight-Blur.jpg929-Twin-Flame-Blades.jpg,685-Twin-Flame-Blades.jpg930-Twin-Kittens.jpg,686-Twin-Kittens.jpg934-Underwater-Expedition.jpg,687-Underwater-Expedition.jpg937-V-For-Vendetta-Ready.jpg,688-V-For-Vendetta-1.jpg938-V-For-Vendetta.jpg,689-V-For-Vendetta-2.jpg939-V-For-Vendette-Man.jpg,691-V-For-Vendette-3.jpg948-Water-Drop-Screen.jpg,692-Water-Drop-Screen.jpg951-Waves-Of-Multiples.jpg,693-Waves-Of-Multiples.jpg954-Well-Hello-Sailor.jpg,694-Well-Hello-Sailor.jpg955-Wet-Glass.jpg,695-Wet-Glass.jpg956-White-Ink-Water-Swirl.jpg,696-White-Ink-Water-Swirl.jpg958-White-Wolf.jpg,697-White-Wolf.jpg959-Wicherman-Moonwalk.jpg,646-Star-Wars-Storm-Trooper-Moonwalk.jpg967-Winter-Forest-Moon-Show.jpg,698-Winter-Forest.jpg969-Winter-Sunset.jpg,699-Winter-Sunset.jpg970-Winter-Tree.jpg,700-Winter-Tree.jpg972-Wolf-Graphic.jpg,701-Wolf-Graphic.jpg973-Wolf-Pack.jpg,703-Wolf-Pack.jpg974-Wolf-Wound.jpg,704-Wolf-Wound.jpg975-Wolfs-Misty-Mountain-Forest.jpg,702-Wolf-Misty-Mountain.jpg978-Woman-And-Man.jpg,705-Woman-And-Man.jpg984-Woman-Warrior.jpg,706-Woman-Warrior.jpg985-Woodgrain-Surface.jpg,707-Woodgrain-Surface.jpg989-Yawing-Kitten.jpg,712-Yawing-Kitten.jpg993-Yellow-Ducky.jpg,716-Yellow-Ducky.jpg994-Yellow-Mccalren-Wings.jpg,444-Mccalren-Yellow-Wings.jpg995-Yoga-Frog.jpg,717-Yoga-Frog.jpg997-Zack-Snyder-Man-Of-Steel.jpg,132-DC-Superman-Man-Of-Steel.jpg998-Zend-Like-Tree-On-Cliff.jpg,724-Zend-Tree-On-Cliff.jpg1000-DC-Batman-2_3-yxz_center-center-horizontal.jpg,101-DC-Batman-1.jpg1002-DC-Batman-4_3-yxz_center-center-horizontal.jpg,102-DC-Batman-2.jpg1003-DC-Batman-5_3-yxz_center-center-horizontal.jpg,103-DC-Batman-3.jpg1004-DC-Joker-1_3-yxz_center-center-horizontal.jpg,110-DC-Joker-1.jpg1005-DC-Joker-2_3-yxz_center-center-horizontal.jpg,113-DC-Joker-2.jpg1006-DC-Joker-3_3-yxz_center-center-horizontal.jpg,114-DC-Joker-3.jpg1008-DC-Joker-5.jpg,115-DC-Joker-5.jpg1009-DC-Joker-6_5-yxz_center-right-vertical.jpg,116-DC-Joker-6.jpg1011-DC-Wonder-Woman-2_3-yxz_center-center-horizontal.jpg,133-DC-Wonder-Woman-1.jpg1012-DC-Wonder-Woman-3_3-yxz_center-center-horizontal.jpg,134-DC-Wonder-Woman-2.jpg1013-DC-Wonder-Woman-4_6-yxz_top-center-vertical.jpg,135-DC-Wonder-Woman-3.jpg1014-DC-Wonder-Woman-5_3-yxz_center-center-horizontal.jpg,136-DC-Wonder-Woman-4.jpg1015-Halo-1_6-yxz_top-center-vertical.jpg,237-Halo-1.jpg1017-Halo-3_5-yxz_center-right-vertical.jpg,238-Halo-2.jpg1018-Halo-4_3-yxz_center-center-horizontal.jpg,239-Halo-3.jpg1019-Halo-5_2-yxz_bottom-right-general.jpg,240-Halo-4.jpg1020-Halo-6_6-yxz_top-center-vertical.jpg,241-Halo-5.jpg1021-Halo-7_5-yxz_center-right-vertical.jpg,244-Halo-6.jpg1022-Image-Comics-Spawn-1_6-yxz_top-center-vertical.jpg,262-Image-Comics-Spawn-1.jpg1023-Image-Comics-Spawn-2_4-yxz_center-left-vertical.jpg,263-Image-Comics-Spawn-2.jpg1024-Image-Comics-Spawn-3_6-yxz_top-center-vertical.jpg,264-Image-Comics-Spawn-3.jpg1026-Image-Comics-Spawn-5_7-top-left-general.jpg,265-Image-Comics-Spawn-4.jpg1027-Kingdon-Hearts-1_6-yxz_top-center-vertical.jpg,273-Kingdom-Hearts-1.jpg1028-Kingdon-Hearts-2_3-yxz_center-center-horizontal.jpg,274-Kingdom-Hearts-2.jpg1029-Kingdon-Hearts-3_3-yxz_center-center-horizontal.jpg,275-Kingdom-Hearts-3.jpg1030-Kingdon-Hearts-4_3-yxz_center-center-horizontal.jpg,277-Kingdom-Hearts-5.jpg1031-Kingdon-Hearts-5_5-yxz_center-right-vertical.jpg,278-Kingdom-Hearts-6.jpg1032-Marvel-Black-Panther-1_6-yxz_top-center-vertical.jpg,302-Marvel-Black-Panther-1.jpg1033-Marvel-Black-Panther-2_3-yxz_center-center-horizontal.jpg,303-Marvel-Black-Panther-2.jpg1034-Marvel-Black-Panther-3_6-yxz_top-center-vertical.jpg,304-Marvel-Black-Panther-3.jpg1035-Marvel-Black-Panther-4_6-yxz_top-center-vertical.jpg,305-Marvel-Black-Panther-4.jpg1036-Marvel-Black-Panther-5_6-yxz_top-center-vertical.jpg,306-Marvel-Black-Panther-5.jpg1037-Marvel-Black-Widow-2_4-yxz_center-left-vertical.jpg,307-Marvel-Black-Widow-1.jpg1038-Marvel-Black-Widow-3_6-yxz_top-center-vertical.jpg,308-Marvel-Black-Widow-2.jpg1039-Marvel-Black-Widow-4_6-yxz_top-center-vertical.jpg,309-Marvel-Black-Widow-3.jpg1041-Marvel-Black-Widow-6_6-yxz_top-center-vertical.jpg,310-Marvel-Black-Widow-4.jpg1042-Marvel-Black-Widow-7_3-yxz_center-center-horizontal.jpg,311-Marvel-Black-Widow-5.jpg1043-Marvel-Black-Widow-8_7-top-left-general.jpg,312-Marvel-Black-Widow-6.jpg1044-Marvel-Black-Widow-9_7-top-left-general.jpg,313-Marvel-Black-Widow-7.jpg1045-Marvel-Captain-America-1_3-yxz_center-center-horizontal.jpg,314-Marvel-Captain-America-1.jpg1046-Marvel-Captain-America-2_7-top-left-general.jpg,315-Marvel-Captain-America-2.jpg1047-Marvel-Captain-America-3_5-yxz_center-right-vertical.jpg,316-Marvel-Captain-America-3.jpg1048-Marvel-Captain-America-4_3-yxz_center-center-horizontal.jpg,317-Marvel-Captain-America-4.jpg1049-Marvel-Captain-America-5_6-yxz_top-center-vertical.jpg,318-Marvel-Captain-America-5.jpg1051-Marvel-Captain-Marvel-2_6-yxz_top-center-vertical.jpg,321-Marvel-Captain-Marvel-1.jpg1052-Marvel-Captain-Marvel-3_6-yxz_top-center-vertical.jpg,322-Marvel-Captain-Marvel-2.jpg1053-Marvel-Captain-Marvel-4_7-yxz_top-left-general.jpg,323-Marvel-Captain-Marvel-3.jpg1054-Marvel-Captain-Marvel-5_6-yxz_top-center-vertical.jpg,324-Marvel-Captain-Marvel-4.jpg1055-Marvel-Captain-Marvel-6_3-yxz_center-center-horizontal.jpg,325-Marvel-Captain-Marvel-5.jpg1056-Marvel-Carnage-1_3-yxz_center-center-horizontal.jpg,326-Marvel-Carnage-1.jpg1057-Marvel-Carnage-2.jpg,327-Marvel-Carnage-2.jpg1058-Marvel-Carnage-3_3-yxz_center-center-horizontal.jpg,328-Marvel-Carnage-3.jpg1059-Marvel-Carnage-4_1-yxz_bottom-center.jpg,329-Marvel-Carnage-4.jpg1060-Marvel-Carnage-5_3-yxz_center-center-horizontal.jpg,330-Marvel-Carnage-5.jpg1061-Marvel-Dead-Pool-1_7-top-left-general.jpg,332-Marvel-Dead-Pool-1.jpg1062-Marvel-Dead-Pool-2_6-yxz_top-center-vertical.jpg,333-Marvel-Dead-Pool-2.jpg1063-Marvel-Dead-Pool-3_7-top-left-general.jpg,334-Marvel-Dead-Pool-3.jpg1064-Marvel-Dead-Pool-4_6-yxz_top-center-vertical.jpg,335-Marvel-Dead-Pool-4.jpg1065-Marvel-Dead-Pool-5_7-yxz_top-left-general.jpg,336-Marvel-Dead-Pool-5.jpg1066-Marvel-Flash-1_3-yxz_center-center-horizontal.jpg,337-Marvel-Flash-1.jpg1067-Marvel-Flash-2_6-yxz_top-center-vertical.jpg,338-Marvel-Flash-2.jpg1068-Marvel-Flash-3_3-yxz_center-center-horizontal.jpg,339-Marvel-Flash-3.jpg1069-Marvel-Flash-4_3-yxz_center-center-horizontal.jpg,340-Marvel-Flash-4.jpg1070-Marvel-Flash-5_3-yxz_center-center-horizontal.jpg,341-Marvel-Flash-5.jpg1071-Marvel-Green-Lantern-1_6-yxz_top-center-vertical.jpg,342-Marvel-Green-Lantern-1.jpg1074-Marvel-Green-Lantern-4_7-top-left-general.jpg,343-Marvel-Green-Lantern-2.jpg1075-Marvel-Guardians-of-the-Galaxy-1_3-yxz_center-center-horizontal.jpg,344-Marvel-Guardians-of-the-Galaxy-1.jpg1076-Marvel-Guardians-of-the-Galaxy-2_3-yxz_center-center-horizontal.jpg,345-Marvel-Guardians-of-the-Galaxy-2.jpg1078-Marvel-Guardians-of-the-Galaxy-4_3-yxz_center-center-horizontal.jpg,346-Marvel-Guardians-of-the-Galaxy-3.jpg1079-Marvel-Guardians-of-the-Galaxy-5_3-yxz_center-center-horizontal.jpg,347-Marvel-Guardians-of-the-Galaxy-4.jpg1081-Marvel-Guardians-of-the-Galaxy-Drax-1_3-yxz_center-center-horizontal.jpg,350-Marvel-Guardians-of-the-Galaxy-Drax-1.jpg1082-Marvel-Guardians-of-the-Galaxy-Drax-3_3-yxz_center-center-horizontal.jpg,351-Marvel-Guardians-of-the-Galaxy-Drax-2.jpg1083-Marvel-Guardians-of-the-Galaxy-Drax-4_7-top-left-general.jpg,352-Marvel-Guardians-of-the-Galaxy-Drax-3.jpg1084-Marvel-Guardians-of-the-Galaxy-Gamora-1_6-yxz_top-center-vertical.jpg,353-Marvel-Guardians-of-the-Galaxy-Gamora-1.jpg1085-Marvel-Guardians-of-the-Galaxy-Gamora-2_6-yxz_top-center-vertical.jpg,354-Marvel-Guardians-of-the-Galaxy-Gamora-2.jpg1086-Marvel-Guardians-of-the-Galaxy-Gamora-3_7-top-left-general.jpg,355-Marvel-Guardians-of-the-Galaxy-Gamora-3.jpg1087-Marvel-Guardians-of-the-Galaxy-Gamora-4_3-yxz_center-center-horizontal.jpg,356-Marvel-Guardians-of-the-Galaxy-Gamora-4.jpg1088-Marvel-Guardians-of-the-Galaxy-Gamora-5_3-yxz_center-center-horizontal.jpg,357-Marvel-Guardians-of-the-Galaxy-Gamora-5.jpg1089-Marvel-Guardians-of-the-Galaxy-Groot-1_3-yxz_center-center-horizontal.jpg,358-Marvel-Guardians-of-the-Galaxy-Groot-1.jpg1090-Marvel-Guardians-of-the-Galaxy-Groot-2_3-yxz_center-center-horizontal.jpg,359-Marvel-Guardians-of-the-Galaxy-Groot-2.jpg1092-Marvel-Guardians-of-the-Galaxy-Groot-5_3-yxz_center-center-horizontal.jpg,360-Marvel-Guardians-of-the-Galaxy-Groot-3.jpg1093-Marvel-Guardians-of-the-Galaxy-Rocket-1_6-yxz_top-center-vertical.jpg,361-Marvel-Guardians-of-the-Galaxy-Rocket-1.jpg1094-Marvel-Guardians-of-the-Galaxy-Rocket-2_6-yxz_top-center-vertical.jpg,362-Marvel-Guardians-of-the-Galaxy-Rocket-2.jpg1096-Marvel-Guardians-of-the-Galaxy-Rocket-4_3-yxz_center-center-horizontal.jpg,363-Marvel-Guardians-of-the-Galaxy-Rocket-3.jpg1098-Marvel-Guardians-of-the-Galaxy-Star-Lord-1_3-yxz_center-center-horizontal.jpg,364-Marvel-Guardians-of-the-Galaxy-Star-Lord-1.jpg1100-Marvel-Guardians-of-the-Galaxy-Star-Lord-3_3-yxz_center-center-horizontal.jpg,365-Marvel-Guardians-of-the-Galaxy-Star-Lord-2.jpg1101-Marvel-Guardians-of-the-Galaxy-Star-Lord-4_3-yxz_center-center-horizontal.jpg,366-Marvel-Guardians-of-the-Galaxy-Star-Lord-3.jpg1102-Marvel-Guardians-of-the-Galaxy-Star-Lord-5_3-yxz_center-center-horizontal.jpg,367-Marvel-Guardians-of-the-Galaxy-Star-Lord-4.jpg1103-Marvel-Hulk-1_6-yxz_top-center-vertical.jpg,368-Marvel-Hulk-1.jpg1105-Marvel-Hulk-3_3-yxz_center-center-horizontal.jpg,369-Marvel-Hulk-3.jpg1106-Marvel-Hulk-4_3-yxz_center-center-horizontal.jpg,370-Marvel-Hulk-4.jpg1107-Marvel-Hulk-5_6-yxz_top-center-vertical.jpg,371-Marvel-Hulk-5.jpg1108-Marvel-Hulk-6_3-yxz_center-center-horizontal.jpg,372-Marvel-Hulk-6.jpg1109-Marvel-Iron-Man-1_5-yxz_center-right-vertical.jpg,373-Marvel-Iron-Man-1.jpg1110-Marvel-Iron-Man-2_6-yxz_top-center-vertical.jpg,380-Marvel-Iron-Man-2.jpg1111-Marvel-Iron-Man-3_7-top-left-general.jpg,381-Marvel-Iron-Man-3.jpg1112-Marvel-Iron-Man-4_6-yxz_top-center-vertical.jpg,382-Marvel-Iron-Man-4.jpg1113-Marvel-Iron-Man-5_6-yxz_top-center-vertical.jpg,383-Marvel-Iron-Man-5.jpg1114-Marvel-Spiderman-1_7-top-left-general.jpg,388-Marvel-Spiderman-1.jpg1115-Marvel-Spiderman-2_3-yxz_center-center-horizontal.jpg,390-Marvel-Spiderman-2.jpg1116-Marvel-Spiderman-3_6-yxz_top-center-vertical.jpg,392-Marvel-Spiderman-4.jpg1117-Marvel-Spiderman-4_3-yxz_center-center-horizontal.jpg,393-Marvel-Spiderman-5.jpg1118-Marvel-Spiderman-5_6-yxz_top-center-vertical.jpg,394-Marvel-Spiderman-6.jpg1119-Marvel-Spiderman-6_6-yxz_top-center-vertical.jpg,396-Marvel-Spiderman-8.jpg1120-Marvel-Supergirl-1_6-yxz_top-center-vertical.jpg,121-DC-Supergirl-1.jpg1121-Marvel-Supergirl-2_3-yxz_center-center-horizontal.jpg,124-DC-Supergirl-3.jpg1122-Marvel-Supergirl-3_7-top-left-general.jpg,126-DC-Supergirl-5.jpg1123-Marvel-Supergirl-4_6-yxz_top-center-vertical.jpg,127-DC-Supergirl-6.jpg1124-Marvel-Supergirl-6_6-yxz_top-center-vertical.jpg,128-DC-Supergirl-7.jpg1125-Marvel-Thanos-1_3-yxz_center-center-horizontal.jpg,401-Marvel-Thanos-1.jpg1126-Marvel-Thanos-2_6-yxz_top-center-vertical.jpg,402-Marvel-Thanos-2.jpg1127-Marvel-Thanos-3_3-yxz_center-center-horizontal.jpg,403-Marvel-Thanos-3.jpg1128-DC-Darkseid.jpg,109-DC-Darkseid.jpg1130-Marvel-Thanos-6_3-yxz_center-center-horizontal.jpg,404-Marvel-Thanos-4.jpg1131-Marvel-Thanos-7_5-yxz_center-right-vertical.jpg,405-Marvel-Thanos-5.jpg1132-Marvel-Thanos-8_3-yxz_center-center-horizontal.jpg,406-Marvel-Thanos-6.jpg1133-Marvel-Thanos-9_3-yxz_center-center-horizontal.jpg,407-Marvel-Thanos-7.jpg1134-Marvel-Thor-1_4-yxz_center-left-vertical.jpg,411-Marvel-Thor-1.jpg1135-Marvel-Thor-2_5-yxz_center-right-vertical.jpg,412-Marvel-Thor-2.jpg1136-Marvel-Thor-3_5-yxz_center-right-vertical.jpg,413-Marvel-Thor-3.jpg1137-Marvel-Thor-4_3-yxz_center-center-horizontal.jpg,414-Marvel-Thor-4.jpg1138-Marvel-Thor-5_3-yxz_center-center-horizontal.jpg,415-Marvel-Thor-5.jpg1139-Marvel-Venom-1_5-yxz_center-right-vertical.jpg,416-Marvel-Venom-1.jpg1140-Marvel-Venom-2_3-yxz_center-center-horizontal.jpg,417-Marvel-Venom-2.jpg1141-Marvel-Venom-3.jpg,418-Marvel-Venom-3.jpg1142-Marvel-Venom-4_1-yxz_bottom-center.jpg,419-Marvel-Venom-4.jpg1144-Marvel-X-Men-1_3-yxz_center-center-horizontal.jpg,420-Marvel-X-Men-1.jpg1148-Marvel-X-Men-5_5-yxz_center-right-vertical.jpg,421-Marvel-X-Men-2.jpg1149-Marvel-X-Men-Cyclops-1_5-yxz_center-right-vertical.jpg,422-Marvel-X-Men-Cyclops-1.jpg1150-Marvel-X-Men-Cyclops-2_4-yxz_center-left-vertical.jpg,423-Marvel-X-Men-Cyclops-2.jpg1151-Marvel-X-Men-Cyclops-3_3-yxz_center-center-horizontal.jpg,424-Marvel-X-Men-Cyclops-3.jpg1152-Marvel-X-Men-Cyclops-4_7-top-left-general.jpg,425-Marvel-X-Men-Cyclops-4.jpg1153-Marvel-X-Men-Cyclops-5_3-yxz_center-center-horizontal.jpg,426-Marvel-X-Men-Cyclops-5.jpg1154-Marvel-X-Men-Magento-1_5-yxz_center-right-vertical.jpg,427-Marvel-X-Men-Magento-1.jpg1155-Marvel-X-Men-Magento-2_7-top-left-general.jpg,428-Marvel-X-Men-Magento-2.jpg1156-Marvel-X-Men-Nightcrawler-1_3-yxz_center-center-horizontal.jpg,430-Marvel-X-Men-Nightcrawler-1.jpg1157-Marvel-X-Men-Nightcrawler-2_3-yxz_center-center-horizontal.jpg,431-Marvel-X-Men-Nightcrawler-2.jpg1158-Marvel-X-Men-Nightcrawler-3_3-yxz_center-center-horizontal.jpg,432-Marvel-X-Men-Nightcrawler-3.jpg1162-Marvel-X-Men-Phoenix-3_6-yxz_top-center-vertical.jpg,433-Marvel-X-Men-Phoenix-1.jpg1163-Marvel-X-Men-Phoenix-4_6-yxz_top-center-vertical.jpg,434-Marvel-X-Men-Phoenix-2.jpg1164-Marvel-X-Men-Phoenix-5_3-yxz_center-center-horizontal.jpg,435-Marvel-X-Men-Phoenix-3.jpg1165-Marvel-X-Men-Professor-X-1_3-yxz_center-center-horizontal.jpg,436-Marvel-X-Men-Professor-X-1.jpg1168-Marvel-X-Men-Psylocke-1_4-yxz_center-left-vertical.jpg,437-Marvel-X-Men-Psylocke-1.jpg1169-Marvel-X-Men-Wolverine-1_7-top-left-general.jpg,438-Marvel-X-Men-Wolverine-1.jpg1170-Marvel-X-Men-Wolverine-2_3-yxz_center-center-horizontal.jpg,439-Marvel-X-Men-Wolverine-2.jpg1171-Marvel-X-Men-Wolverine-3_6-yxz_top-center-vertical.jpg,440-Marvel-X-Men-Wolverine-3.jpg1172-Marvel-X-Men-Wolverine-4_6-yxz_top-center-vertical.jpg,441-Marvel-X-Men-Wolverine-4.jpg1173-Marvel-X-Men-Wolverine-5_3-yxz_center-center-horizontal.jpg,442-Marvel-X-Men-Wolverine-5.jpg1478-Star-Wars-1_1-yxz_bottom-center.jpg,620-Star-Wars-1.jpg1479-Star-Wars-2_3-yxz_center-center-horizontal.jpg,621-Star-Wars-2.jpg1481-Star-Wars-4_3-yxz_center-center-horizontal.jpg,639-Star-Wars-Luke-Skywalker-Rey.jpg1482-Star-Wars-5_5-center-right-vertical.jpg,625-Star-Wars-6.jpg1483-Star-Wars-Kylo-Ren-1_3-yxz_center-center-horizontal.jpg,633-Star-Wars-Kylo-Ren-1.jpg1484-Star-Wars-Kylo-Ren-2_3-yxz_center-center-horizontal.jpg,634-Star-Wars-Kylo-Ren-2.jpg1487-Star-Wars-Kylo-Ren-5_6-yxz_top-center-vertical.jpg,637-Star-Wars-Kylo-Ren-5.jpg1488-Star-Wars-Kylo-Ren-6_6-yxz_top-center-vertical.jpg,638-Star-Wars-Kylo-Ren-6.jpg1489-Star-Wars-Rey-1_7-top-left-general.jpg,641-Star-Wars-Rey-1.jpg1490-Star-Wars-Rey-2_3-yxz_center-center-horizontal.jpg,642-Star-Wars-Rey-2.jpg1491-Star-Wars-Rey-3_6-yxz_top-center-vertical.jpg,643-Star-Wars-Rey-3.jpg1492-Star-Wars-Rey-4_3-yxz_center-center-horizontal.jpg,645-Star-Wars-Rey-Kylo-Ren.jpg1493-Star-Wars-Rey-5_6-yxz_top-center-vertical.jpg,644-Star-Wars-Rey-4.jpg1495-Assassins-Creed-Odyssey-3.jpg,023-Assassins-Creed-Odyssey.jpg1499-Assassins-Creed-Valhalla-1.jpg,026-Assassins-Creed-Valhalla.jpg1505-Dead-Cells-1.jpg,137-Dead-Cells-1.jpg1506-Dead-Cells-2.jpg,138-Dead-Cells-2.jpg1507-Dead-Cells-3.jpg,139-Dead-Cells-3.jpg1510-Death-Stranding-3.jpg,140-Death-Stranding.jpg1512-Destiny-1.jpg,145-Destiny-1.jpg1513-Destiny-2-1.jpg,146-Destiny-2-1.jpg1514-Destiny-2-2.jpg,148-Destiny-2-3.jpg1517-Devil-May-Cry-V-1.jpg,149-Devil-May-Cry-V-1.jpg1527-Dragon-Ball-Fighterz-1.jpg,154-Dragon-Ball-Fighterz-Jiren.jpg1528-Dragon-Ball-Fighterz-10.jpg,155-Dragon-Ball-Fighterz-Kid-Goku.jpg1531-Dragon-Ball-Fighterz-2.jpg,156-Dragon-Ball-Fighterz-Vegito.jpg1533-Dragon-Ball-Fighterz-4.jpg,152-Dragon-Ball-Fighterz-Goku-Black-1.jpg1535-Dragon-Ball-Fighterz-6.jpg,153-Dragon-Ball-Fighterz-Goku-Black-2.jpg1538-Dragon-Ball-Fighterz-9.jpg,151-Dragon-Ball-Fighterz-Gogeta.jpg1539-Final-Fantasy-7-Remake-1.jpg,178-Final-Fantasy-7-Tifa-2.jpg1541-Final-Fantasy-7-Remake-2.jpg,173-Final-Fantasy-7-Cloud.jpg1542-Final-Fantasy-7-Remake-3.jpg,174-Final-Fantasy-7-Could-vs-Sephiroth.jpg1543-Final-Fantasy-7-Remake-4.jpg,175-Final-Fantasy-7-Group.jpg1547-Gears-5-10.jpg,203-Gears-5-1.jpg1549-Gears-5-4.jpg,204-Gears-5-2.jpg1550-Gears-5-6.jpg,205-Gears-5-3.jpg1552-Gears-5-8.jpg,206-Gears-5-4.jpg1553-Gears-5-9.jpg,207-Gears-5-5.jpg1554-God-Of-War-1.jpg,215-God-Of-War-1.jpg1561-God-Of-War-8.jpg,216-God-Of-War-2.jpg1563-Halo-5-11.jpg,242-Halo-5-1.jpg1568-Halo-5-5.jpg,243-Halo-5-2.jpg1572-Horizon-Zero-Dawn-2.jpg,252-Horizon-Zero-Dawn-2.jpg1578-Kingdom-Hearts-3-1.jpg,276-Kingdom-Hearts-4.jpg1581-Luigi-1.jpg,299-Luigi.jpg1585-Metal-Gear-Solid-V-1.jpg,450-Metal-Gear-Solid-V-1.jpg1587-Metal-Gear-Solid-V-3.jpg,451-Metal-Gear-Solid-V-3.jpg1590-Metal-Gear-Solid-V-6.jpg,452-Metal-Gear-Solid-V-6.jpg1592-Mortal-Kombat-11-1.jpg,472-Mortal-Kombat-11-Raiden-1.jpg1593-Mortal-Kombat-11-2.jpg,474-Mortal-Kombat-11-Scorpion.jpg1594-Mortal-Kombat-11-3.jpg,475-Mortal-Kombat-11-Shao-Kahn-1.jpg1595-Mortal-Kombat-11-4.jpg,473-Mortal-Kombat-11-Raiden-2.jpg1597-Mortal-Kombat-11-6.jpg,478-Mortal-Kombat-11.jpg1598-Overwatch-1.jpg,508-Overwatch.jpg1604-Red-Dead-Redemption-3.jpg,562-Red-Dead-Redemption.jpg1610-Sonic-1.jpg,577-Sonic-The-Hedgehog-5.jpg1613-Spider-Man-2.jpg,391-Marvel-Spiderman-3.jpg1615-Spider-Man-5.jpg,395-Marvel-Spiderman-7.jpg1616-Spider-Man-6.jpg,397-Marvel-Spiderman-9.jpg1617-Spider-Man-7.jpg,389-Marvel-Spiderman-10.jpg1618-Star-Wars-Jedi-Fallen-Order-1.jpg,630-Star-Wars-Jedi-Fallen-Order-1.jpg1619-Star-Wars-Jedi-Fallen-Order-2.jpg,631-Star-Wars-Jedi-Fallen-Order-2.jpg1623-Star-Wars-Jedi-Fallen-Order-8.jpg,632-Star-Wars-Jedi-Fallen-Order-3.jpg1629-Super-Mario-Odyssey-2.jpg,657-Super-Mario-Odyssey-2.jpg1632-The-Witcher-3-4.jpg,676-The-Witcher-3-2.jpg1633-The-Witcher-3-5.jpg,677-The-Witcher-3-3.jpg1634-The-Witcher-3-7.jpg,678-The-Witcher-3-4.jpg1635-The-Witcher-3-8.jpg,679-The-Witcher-3-5.jpg1654-Zelda-2.jpg,719-Zelda-2.jpg1655-Zelda-3.jpg,720-Zelda-3.jpg1657-Zelda-5.jpg,722-Zelda-5.jpg1661-Anime-3.jpg,014-Anime-2.jpg1663-Black-1.jpg,041-Black-1.jpg1664-Black-2.jpg,042-Black-2.jpg1665-Black-3.jpg,043-Black-3.jpg1666-Black-4.jpg,044-Black-4.jpg1667-Black-5.jpg,045-Black-5.jpg1668-Black-6.jpg,046-Black-6.jpg1669-Black-7.jpg,047-Black-7.jpg1670-Black-8.jpg,048-Black-8.jpg1672-Blue-1.jpg,058-Blue-1.jpg1674-Blue-3.jpg,060-Blue-3.jpg1675-Blue-4.jpg,061-Blue-4.jpg1676-Blue-5.jpg,062-Blue-5.jpg1677-Blue-6.jpg,063-Blue-6.jpg1678-Blue-7.jpg,064-Blue-7.jpg1679-Blue-8.jpg,065-Blue-8.jpg1680-Blue-9.jpg,066-Blue-9.jpg1681-Blue-10.jpg,059-Blue-2.jpg1683-Dragon-Ball-Z-2.jpg,158-Dragon-Ball-Z-Goku-Super-Saiyan.jpg1684-Dragon-Ball-Z-3.jpg,159-Dragon-Ball-Z-Kid-Buu.jpg1687-Fornite-3.jpg,183-Fornite-2.jpg1689-Fornite-5.jpg,184-Fornite-3.jpg1693-Fornite-9.jpg,185-Fornite-4.jpg1694-Fornite-10.jpg,182-Fornite-1.jpg1695-Galaxy-1.jpg,578-Space-1.jpg1696-Galaxy-2.jpg,582-Space-13.jpg1697-Galaxy-3.jpg,587-Space-18.jpg1698-Galaxy-4.jpg,590-Space-20.jpg1699-Galaxy-5.jpg,592-Space-22.jpg1700-Galaxy-6.jpg,594-Space-24.jpg1702-Galaxy-8.jpg,597-Space-27.jpg1703-Galaxy-9.jpg,599-Space-29.jpg1704-Galaxy-10.jpg,600-Space-3.jpg1705-Gold-1.jpg,222-Gold-1.jpg1706-Gold-2.jpg,223-Gold-2.jpg1707-Gold-3.jpg,224-Gold-3.jpg1709-Green-1.jpg,227-Green-1.jpg1711-Green-3.jpg,229-Green-3.jpg1712-Green-4.jpg,230-Green-4.jpg1713-Green-5.jpg,231-Green-5.jpg1715-Green-7.jpg,232-Green-6.jpg1717-Green-9.jpg,233-Green-7.jpg1718-Green-10.jpg,228-Green-2.jpg1720-Pink-1.jpg,518-Pink-1.jpg1721-Pink-2.jpg,520-Pink-3.jpg1722-Pink-3.jpg,521-Pink-4.jpg1724-Pink-5.jpg,522-Pink-5.jpg1725-Pink-6.jpg,523-Pink-6.jpg1727-Pink-8.jpg,524-Pink-7.jpg1729-Pink-10.jpg,519-Pink-2.jpg1732-Purple-2.jpg,538-Purple-2.jpg1733-Purple-3.jpg,539-Purple-3.jpg1734-Purple-4.jpg,540-Purple-4.jpg1736-Purple-6.jpg,541-Purple-5.jpg1737-Purple-7.jpg,542-Purple-6.jpg1738-Purple-8.jpg,543-Purple-7.jpg1739-Purple-9.jpg,544-Purple-8.jpg1740-Purple-10.jpg,537-Purple-1.jpg1742-Red-2.jpg,555-Red-1.jpg1743-Red-3.jpg,557-Red-2.jpg1745-Red-5.jpg,558-Red-3.jpg1746-Red-6.jpg,559-Red-4.jpg1747-Red-7.jpg,560-Red-5.jpg1748-Red-8.jpg,561-Red-6.jpg1751-Yellow-1.jpg,713-Yellow-1.jpg1754-Yellow-4.jpg,714-Yellow-2.jpg1755-Yellow-5.jpg,715-Yellow-3.jpg1758-Black-Lightning-1.jpg,051-Black-Lightning-1.jpg1759-Black-Lightning-3.jpg,052-Black-Lightning-2.jpg1760-Black-Lightning-Lightning-2.jpg,053-Black-Lightning-Lightning.jpg1761-Cyberpunk-2077-1.jpg,092-Cyberpunk-2077-1.jpg1762-Cyberpunk-2077-2.jpg,093-Cyberpunk-2077-2.jpg1763-Destiny-2-1.jpg,147-Destiny-2-2.jpg1766-Final-Fantasy-VII-Remake-1.jpg,176-Final-Fantasy-7-Remake-Cloud.jpg1768-Game-Of-Thrones-Arya-Stark-1.jpg,192-Game-Of-Thrones-Arya-Stark-1.jpg1769-Game-Of-Thrones-Arya-Stark-2.jpg,193-Game-Of-Thrones-Arya-Stark-2.jpg1771-Game-Of-Thrones-Daenerys-Targaryen-2.jpg,197-Game-Of-Thrones-Daenerys-Targaryen-1.jpg1773-Game-Of-Thrones-Daenerys-Targaryen-4.jpg,198-Game-Of-Thrones-Daenerys-Targaryen-2.jpg1774-Game-Of-Thrones-Jon-Snow-2.jpg,200-Game-Of-Thrones-Jon-Snow-1.jpg1778-Godfall-1.jpg,219-Godfall-1.jpg1779-Godfall-2.jpg,220-Godfall-2.jpg1780-Godfall-3.jpg,221-Godfall-3.jpg1781-Marvel-Cinematic-Universe.jpg,331-Marvel-Cinematic-Universe.jpg1782-Mortal-Kombat-11-Frost.jpg,470-Mortal-Kombat-11-Frost.jpg1783-Mortal-Kombat-11-Harley-Quinn.jpg,471-Mortal-Kombat-11-Harley-Quinn.jpg1784-Mortal-Kombat-11-Shao-Kahn.jpg,476-Mortal-Kombat-11-Shao-Kahn-2.jpg1787-Mortal-Kombat-11-The-Terminator.jpg,477-Mortal-Kombat-11-The-Terminator.jpg1788-Queens-Gambit-1.jpg,546-Queens-Gambit-1.jpg1789-Queens-Gambit-2.jpg,547-Queens-Gambit-2.jpg1790-Queens-Gambit-3.jpg,548-Queens-Gambit-3.jpg1791-Queens-Gambit-4.jpg,549-Queens-Gambit-4.jpg1792-Sonic-The-Hedgehog-1.jpg,573-Sonic-The-Hedgehog-1.jpg1793-Sonic-The-Hedgehog-2.jpg,574-Sonic-The-Hedgehog-2.jpg1794-Sonic-The-Hedgehog-3.jpg,575-Sonic-The-Hedgehog-3.jpg1795-Sonic-The-Hedgehog-5.jpg,576-Sonic-The-Hedgehog-4.jpg1796-Spider-Man-Miles-Morales-1.jpg,398-Marvel-Spiderman-Miles-Morales-1.jpg1797-Spider-Man-Miles-Morales-2.jpg,399-Marvel-Spiderman-Miles-Morales-2.jpg1798-Spider-Man-Miles-Morales-3.jpg,400-Marvel-Spiderman-Miles-Morales-3.jpg1799-Star-Trek-Beyond-1.jpg,613-Star-Trek-Beyond-1.jpg1800-Star-Trek-Beyond-2.jpg,614-Star-Trek-Beyond-2.jpg1801-Star-Trek-Beyond-3.jpg,615-Star-Trek-Beyond-3.jpg1802-Star-Trek-Beyond-4.jpg,616-Star-Trek-Beyond-4.jpg1803-Star-Trek-Beyond-5.jpg,617-Star-Trek-Beyond-6.jpg1804-Star-Trek-Beyond-7.jpg,618-Star-Trek-Beyond-7.jpg1805-Star-Trek-Discovery-1.jpg,619-Star-Trek-Discovery-1.jpg1806-Star-Wars-2.jpg,622-Star-Wars-3.jpg1807-Star-Wars-3.jpg,623-Star-Wars-4.jpg1808-Star-Wars-4.jpg,624-Star-Wars-5.jpg1809-Star-Wars-The-Rise-of-Skywalker-1.jpg,648-Star-Wars-The-Rise-of-Skywalker-1.jpg1810-Star-Wars-The-Rise-of-Skywalker-2.jpg,649-Star-Wars-The-Rise-of-Skywalker-2.jpg1811-The-Boys-Homelander-and-Queen-Meave.jpg,663-The-Boys-Homelander-and-Queen-Meave.jpg1812-The-Boys-Queen-Meave.jpg,664-The-Boys-Queen-Meave.jpg1813-The-Boys-Starlight-1.jpg,665-The-Boys-Starlight.jpg1815-The-Boys-Stormfront.jpg,666-The-Boys-Stormfront.jpg1816-The-Boys-The-7.jpg,667-The-Boys-The-7.jpg1819-The-Last-of-Us-Part-II-1.jpg,670-The-Last-of-Us-Part-II-1.jpg1820-The-Last-of-Us-Part-II-2.jpg,671-The-Last-of-Us-Part-II-2.jpg1821-The-Punisher.jpg,410-Marvel-The-Punisher-3.jpg1822-The-Witcher-1.jpg,673-The-Witcher-1.jpg1823-The-Witcher-2.jpg,674-The-Witcher-2.jpg1824-The-Witcher-3-1.jpg,675-The-Witcher-3-1.jpg1826-World-of-Warcraft-1.jpg,708-World-of-Warcraft-1.jpg1827-World-of-Warcraft-2.jpg,709-World-of-Warcraft-2.jpg1828-World-of-Warcraft-3.jpg,710-World-of-Warcraft-3.jpg1830-World-of-Warcraft-5.jpg,711-World-of-Warcraft-4.jpg